Component,Individual_Variance,Cumulative_Variance
1,0.5488468979538779,0.5488468979538779
2,0.2837907879375264,0.8326376858914042
3,0.16736231410859562,0.9999999999999998
4,0.0,0.9999999999999998
