Component,Individual_Variance,Cumulative_Variance
1,0.548846897953874,0.548846897953874
2,0.28379078793752777,0.8326376858914017
3,0.1673623141085982,1.0
4,1.5701801414584036e-64,1.0
